File Name,Authored Date
test_log.py,2021-11-11 15:38:16+00:00
conftest.py,2021-11-10 23:05:42+01:00
test_array_interface.py,2021-12-29 10:10:18-08:00
test_sorting_functions.py,2022-01-12 16:20:33+00:00
test_set_functions.py,2022-01-13 10:03:49+00:00
test_limited_api.py,2022-01-13 20:47:50-05:00
test_loadtxt.py,2022-01-14 19:04:16-06:00
test_pyinstaller.py,2022-01-06 00:55:16+00:00
test_data_type_functions.py,2022-01-24 10:20:20+00:00
test_validation.py,2022-01-24 10:20:20+00:00
test_f2py2e.py,2022-04-01 13:05:46+00:00
